patient_id,group_id,split,identity_type,organ,dataset
,CRC-VAL-HE-7K_COHORT,test,official_cohort,colon,CRC-VAL-HE-7K
,LC25000_TILE_0506,train,source_tile,lung,LC25000
,LC25000_TILE_0507,test,source_tile,lung,LC25000
,LC25000_TILE_0508,train,source_tile,lung,LC25000
,LC25000_TILE_0509,train,source_tile,lung,LC25000
,LC25000_TILE_0510,test,source_tile,lung,LC25000
,LC25000_TILE_0511,train,source_tile,lung,LC25000
,LC25000_TILE_0512,train,source_tile,lung,LC25000
,LC25000_TILE_0513,test,source_tile,lung,LC25000
,LC25000_TILE_0514,val,source_tile,lung,LC25000
,LC25000_TILE_0515,val,source_tile,lung,LC25000
,LC25000_TILE_0516,train,source_tile,lung,LC25000
,LC25000_TILE_0517,train,source_tile,lung,LC25000
,LC25000_TILE_0518,train,source_tile,lung,LC25000
,LC25000_TILE_0519,test,source_tile,lung,LC25000
,LC25000_TILE_0520,test,source_tile,lung,LC25000
,LC25000_TILE_0521,train,source_tile,lung,LC25000
,LC25000_TILE_0522,train,source_tile,lung,LC25000
,LC25000_TILE_0523,train,source_tile,lung,LC25000
,LC25000_TILE_0524,train,source_tile,lung,LC25000
,LC25000_TILE_0525,train,source_tile,lung,LC25000
,LC25000_TILE_0526,train,source_tile,lung,LC25000
,LC25000_TILE_0527,val,source_tile,lung,LC25000
,LC25000_TILE_0528,train,source_tile,lung,LC25000
,LC25000_TILE_0529,train,source_tile,lung,LC25000
,LC25000_TILE_0530,train,source_tile,lung,LC25000
,LC25000_TILE_0531,train,source_tile,lung,LC25000
,LC25000_TILE_0532,train,source_tile,lung,LC25000
,LC25000_TILE_0533,test,source_tile,lung,LC25000
,LC25000_TILE_0534,train,source_tile,lung,LC25000
,LC25000_TILE_0535,train,source_tile,lung,LC25000
,LC25000_TILE_0536,train,source_tile,lung,LC25000
,LC25000_TILE_0537,test,source_tile,lung,LC25000
,LC25000_TILE_0538,test,source_tile,lung,LC25000
,LC25000_TILE_0539,train,source_tile,lung,LC25000
,LC25000_TILE_0540,train,source_tile,lung,LC25000
,LC25000_TILE_0541,train,source_tile,lung,LC25000
,LC25000_TILE_0542,test,source_tile,lung,LC25000
,LC25000_TILE_0543,val,source_tile,lung,LC25000
,LC25000_TILE_0544,train,source_tile,lung,LC25000
,LC25000_TILE_0545,train,source_tile,lung,LC25000
,LC25000_TILE_0546,train,source_tile,lung,LC25000
,LC25000_TILE_0547,train,source_tile,lung,LC25000
,LC25000_TILE_0548,train,source_tile,lung,LC25000
,LC25000_TILE_0549,train,source_tile,lung,LC25000
,LC25000_TILE_0550,train,source_tile,lung,LC25000
,LC25000_TILE_0551,train,source_tile,lung,LC25000
,LC25000_TILE_0552,val,source_tile,lung,LC25000
,LC25000_TILE_0553,val,source_tile,lung,LC25000
,LC25000_TILE_0554,val,source_tile,lung,LC25000
,LC25000_TILE_0555,train,source_tile,lung,LC25000
,LC25000_TILE_0556,val,source_tile,lung,LC25000
,LC25000_TILE_0557,train,source_tile,lung,LC25000
,LC25000_TILE_0558,train,source_tile,lung,LC25000
,LC25000_TILE_0559,train,source_tile,lung,LC25000
,LC25000_TILE_0560,train,source_tile,lung,LC25000
,LC25000_TILE_0561,val,source_tile,lung,LC25000
,LC25000_TILE_0562,train,source_tile,lung,LC25000
,LC25000_TILE_0563,test,source_tile,lung,LC25000
,LC25000_TILE_0564,train,source_tile,lung,LC25000
,LC25000_TILE_0565,test,source_tile,lung,LC25000
,LC25000_TILE_0566,train,source_tile,lung,LC25000
,LC25000_TILE_0567,train,source_tile,lung,LC25000
,LC25000_TILE_0568,train,source_tile,lung,LC25000
,LC25000_TILE_0569,val,source_tile,lung,LC25000
,LC25000_TILE_0570,val,source_tile,lung,LC25000
,LC25000_TILE_0571,train,source_tile,lung,LC25000
,LC25000_TILE_0572,train,source_tile,lung,LC25000
,LC25000_TILE_0573,train,source_tile,lung,LC25000
,LC25000_TILE_0574,train,source_tile,lung,LC25000
,LC25000_TILE_0575,train,source_tile,lung,LC25000
,LC25000_TILE_0576,train,source_tile,lung,LC25000
,LC25000_TILE_0577,train,source_tile,lung,LC25000
,LC25000_TILE_0578,train,source_tile,lung,LC25000
,LC25000_TILE_0579,test,source_tile,lung,LC25000
,LC25000_TILE_0580,val,source_tile,lung,LC25000
,LC25000_TILE_0581,train,source_tile,lung,LC25000
,LC25000_TILE_0582,test,source_tile,lung,LC25000
,LC25000_TILE_0583,val,source_tile,lung,LC25000
,LC25000_TILE_0584,val,source_tile,lung,LC25000
,LC25000_TILE_0585,val,source_tile,lung,LC25000
,LC25000_TILE_0586,val,source_tile,lung,LC25000
,LC25000_TILE_0587,val,source_tile,lung,LC25000
,LC25000_TILE_0588,val,source_tile,lung,LC25000
,LC25000_TILE_0589,train,source_tile,lung,LC25000
,LC25000_TILE_0590,train,source_tile,lung,LC25000
,LC25000_TILE_0591,val,source_tile,lung,LC25000
,LC25000_TILE_0592,test,source_tile,lung,LC25000
,LC25000_TILE_0593,val,source_tile,lung,LC25000
,LC25000_TILE_0594,train,source_tile,lung,LC25000
,LC25000_TILE_0595,train,source_tile,lung,LC25000
,LC25000_TILE_0596,train,source_tile,lung,LC25000
,LC25000_TILE_0597,train,source_tile,lung,LC25000
,LC25000_TILE_0598,val,source_tile,lung,LC25000
,LC25000_TILE_0599,train,source_tile,lung,LC25000
,LC25000_TILE_0600,train,source_tile,lung,LC25000
,LC25000_TILE_0601,train,source_tile,lung,LC25000
,LC25000_TILE_0602,test,source_tile,lung,LC25000
,LC25000_TILE_0603,train,source_tile,lung,LC25000
,LC25000_TILE_0604,train,source_tile,lung,LC25000
,LC25000_TILE_0605,test,source_tile,lung,LC25000
,LC25000_TILE_0606,train,source_tile,lung,LC25000
,LC25000_TILE_0607,train,source_tile,lung,LC25000
,LC25000_TILE_0608,train,source_tile,lung,LC25000
,LC25000_TILE_0609,val,source_tile,lung,LC25000
,LC25000_TILE_0610,train,source_tile,lung,LC25000
,LC25000_TILE_0611,train,source_tile,lung,LC25000
,LC25000_TILE_0612,train,source_tile,lung,LC25000
,LC25000_TILE_0613,train,source_tile,lung,LC25000
,LC25000_TILE_0614,train,source_tile,lung,LC25000
,LC25000_TILE_0615,train,source_tile,lung,LC25000
,LC25000_TILE_0616,train,source_tile,lung,LC25000
,LC25000_TILE_0617,train,source_tile,lung,LC25000
,LC25000_TILE_0618,train,source_tile,lung,LC25000
,LC25000_TILE_0619,train,source_tile,lung,LC25000
,LC25000_TILE_0620,train,source_tile,lung,LC25000
,LC25000_TILE_0621,val,source_tile,lung,LC25000
,LC25000_TILE_0622,train,source_tile,lung,LC25000
,LC25000_TILE_0623,val,source_tile,lung,LC25000
,LC25000_TILE_0624,train,source_tile,lung,LC25000
,LC25000_TILE_0625,train,source_tile,lung,LC25000
,LC25000_TILE_0626,train,source_tile,lung,LC25000
,LC25000_TILE_0627,test,source_tile,lung,LC25000
,LC25000_TILE_0628,train,source_tile,lung,LC25000
,LC25000_TILE_0629,train,source_tile,lung,LC25000
,LC25000_TILE_0630,train,source_tile,lung,LC25000
,LC25000_TILE_0631,test,source_tile,lung,LC25000
,LC25000_TILE_0632,train,source_tile,lung,LC25000
,LC25000_TILE_0633,test,source_tile,lung,LC25000
,LC25000_TILE_0634,train,source_tile,lung,LC25000
,LC25000_TILE_0635,train,source_tile,lung,LC25000
,LC25000_TILE_0636,test,source_tile,lung,LC25000
,LC25000_TILE_0637,train,source_tile,lung,LC25000
,LC25000_TILE_0638,test,source_tile,lung,LC25000
,LC25000_TILE_0639,train,source_tile,lung,LC25000
,LC25000_TILE_0640,test,source_tile,lung,LC25000
,LC25000_TILE_0641,train,source_tile,lung,LC25000
,LC25000_TILE_0642,train,source_tile,lung,LC25000
,LC25000_TILE_0643,train,source_tile,lung,LC25000
,LC25000_TILE_0644,train,source_tile,lung,LC25000
,LC25000_TILE_0645,train,source_tile,lung,LC25000
,LC25000_TILE_0646,train,source_tile,lung,LC25000
,LC25000_TILE_0647,train,source_tile,lung,LC25000
,LC25000_TILE_0648,train,source_tile,lung,LC25000
,LC25000_TILE_0649,test,source_tile,lung,LC25000
,LC25000_TILE_0650,train,source_tile,lung,LC25000
,LC25000_TILE_0651,train,source_tile,lung,LC25000
,LC25000_TILE_0652,train,source_tile,lung,LC25000
,LC25000_TILE_0653,train,source_tile,lung,LC25000
,LC25000_TILE_0654,train,source_tile,lung,LC25000
,LC25000_TILE_0655,train,source_tile,lung,LC25000
,LC25000_TILE_0656,train,source_tile,lung,LC25000
,LC25000_TILE_0657,val,source_tile,lung,LC25000
,LC25000_TILE_0658,train,source_tile,lung,LC25000
,LC25000_TILE_0659,train,source_tile,lung,LC25000
,LC25000_TILE_0660,train,source_tile,lung,LC25000
,LC25000_TILE_0661,train,source_tile,lung,LC25000
,LC25000_TILE_0662,test,source_tile,lung,LC25000
,LC25000_TILE_0663,train,source_tile,lung,LC25000
,LC25000_TILE_0664,test,source_tile,lung,LC25000
,LC25000_TILE_0665,train,source_tile,lung,LC25000
,LC25000_TILE_0666,train,source_tile,lung,LC25000
,LC25000_TILE_0667,train,source_tile,lung,LC25000
,LC25000_TILE_0668,test,source_tile,lung,LC25000
,LC25000_TILE_0669,train,source_tile,lung,LC25000
,LC25000_TILE_0670,train,source_tile,lung,LC25000
,LC25000_TILE_0671,val,source_tile,lung,LC25000
,LC25000_TILE_0672,train,source_tile,lung,LC25000
,LC25000_TILE_0673,train,source_tile,lung,LC25000
,LC25000_TILE_0674,train,source_tile,lung,LC25000
,LC25000_TILE_0675,val,source_tile,lung,LC25000
,LC25000_TILE_0676,test,source_tile,lung,LC25000
,LC25000_TILE_0677,train,source_tile,lung,LC25000
,LC25000_TILE_0678,test,source_tile,lung,LC25000
,LC25000_TILE_0679,train,source_tile,lung,LC25000
,LC25000_TILE_0680,val,source_tile,lung,LC25000
,LC25000_TILE_0681,train,source_tile,lung,LC25000
,LC25000_TILE_0682,val,source_tile,lung,LC25000
,LC25000_TILE_0683,train,source_tile,lung,LC25000
,LC25000_TILE_0684,train,source_tile,lung,LC25000
,LC25000_TILE_0685,val,source_tile,lung,LC25000
,LC25000_TILE_0686,val,source_tile,lung,LC25000
,LC25000_TILE_0687,train,source_tile,lung,LC25000
,LC25000_TILE_0688,train,source_tile,lung,LC25000
,LC25000_TILE_0689,train,source_tile,lung,LC25000
,LC25000_TILE_0690,train,source_tile,lung,LC25000
,LC25000_TILE_0691,train,source_tile,lung,LC25000
,LC25000_TILE_0692,train,source_tile,lung,LC25000
,LC25000_TILE_0693,train,source_tile,lung,LC25000
,LC25000_TILE_0694,train,source_tile,lung,LC25000
,LC25000_TILE_0695,train,source_tile,lung,LC25000
,LC25000_TILE_0696,train,source_tile,lung,LC25000
,LC25000_TILE_0697,val,source_tile,lung,LC25000
,LC25000_TILE_0698,train,source_tile,lung,LC25000
,LC25000_TILE_0699,test,source_tile,lung,LC25000
,LC25000_TILE_0700,train,source_tile,lung,LC25000
,LC25000_TILE_0701,train,source_tile,lung,LC25000
,LC25000_TILE_0702,train,source_tile,lung,LC25000
,LC25000_TILE_0703,train,source_tile,lung,LC25000
,LC25000_TILE_0704,train,source_tile,lung,LC25000
,LC25000_TILE_0705,train,source_tile,lung,LC25000
,LC25000_TILE_0706,train,source_tile,lung,LC25000
,LC25000_TILE_0707,train,source_tile,lung,LC25000
,LC25000_TILE_0708,test,source_tile,lung,LC25000
,LC25000_TILE_0709,train,source_tile,lung,LC25000
,LC25000_TILE_0710,train,source_tile,lung,LC25000
,LC25000_TILE_0711,train,source_tile,lung,LC25000
,LC25000_TILE_0712,val,source_tile,lung,LC25000
,LC25000_TILE_0713,train,source_tile,lung,LC25000
,LC25000_TILE_0714,train,source_tile,lung,LC25000
,LC25000_TILE_0715,train,source_tile,lung,LC25000
,LC25000_TILE_0716,train,source_tile,lung,LC25000
,LC25000_TILE_0717,test,source_tile,lung,LC25000
,LC25000_TILE_0718,train,source_tile,lung,LC25000
,LC25000_TILE_0719,train,source_tile,lung,LC25000
,LC25000_TILE_0720,val,source_tile,lung,LC25000
,LC25000_TILE_0721,test,source_tile,lung,LC25000
,LC25000_TILE_0722,train,source_tile,lung,LC25000
,LC25000_TILE_0723,val,source_tile,lung,LC25000
,LC25000_TILE_0724,train,source_tile,lung,LC25000
,LC25000_TILE_0725,train,source_tile,lung,LC25000
,LC25000_TILE_0726,train,source_tile,lung,LC25000
,LC25000_TILE_0727,val,source_tile,lung,LC25000
,LC25000_TILE_0728,train,source_tile,lung,LC25000
,LC25000_TILE_0729,train,source_tile,lung,LC25000
,LC25000_TILE_0730,train,source_tile,lung,LC25000
,LC25000_TILE_0731,train,source_tile,lung,LC25000
,LC25000_TILE_0732,train,source_tile,lung,LC25000
,LC25000_TILE_0733,train,source_tile,lung,LC25000
,LC25000_TILE_0734,val,source_tile,lung,LC25000
,LC25000_TILE_0735,train,source_tile,lung,LC25000
,LC25000_TILE_0736,test,source_tile,lung,LC25000
,LC25000_TILE_0737,train,source_tile,lung,LC25000
,LC25000_TILE_0738,train,source_tile,lung,LC25000
,LC25000_TILE_0739,train,source_tile,lung,LC25000
,LC25000_TILE_0740,test,source_tile,lung,LC25000
,LC25000_TILE_0741,test,source_tile,lung,LC25000
,LC25000_TILE_0742,test,source_tile,lung,LC25000
,LC25000_TILE_0743,train,source_tile,lung,LC25000
,LC25000_TILE_0744,train,source_tile,lung,LC25000
,LC25000_TILE_0745,train,source_tile,lung,LC25000
,LC25000_TILE_0746,train,source_tile,lung,LC25000
,LC25000_TILE_0747,train,source_tile,lung,LC25000
,LC25000_TILE_0748,train,source_tile,lung,LC25000
,LC25000_TILE_0749,train,source_tile,lung,LC25000
,LC25000_TILE_0750,train,source_tile,lung,LC25000
,LC25000_TILE_0751,train,source_tile,lung,LC25000
,LC25000_TILE_0752,train,source_tile,lung,LC25000
,LC25000_TILE_0753,val,source_tile,lung,LC25000
,LC25000_TILE_0754,val,source_tile,lung,LC25000
,LC25000_TILE_0755,train,source_tile,lung,LC25000
,LC25000_TILE_0756,val,source_tile,lung,LC25000
,LC25000_TILE_0757,train,source_tile,lung,LC25000
,LC25000_TILE_0758,train,source_tile,lung,LC25000
,LC25000_TILE_0759,train,source_tile,lung,LC25000
,LC25000_TILE_0760,train,source_tile,lung,LC25000
,LC25000_TILE_0761,train,source_tile,lung,LC25000
,LC25000_TILE_0762,test,source_tile,lung,LC25000
,LC25000_TILE_0763,val,source_tile,lung,LC25000
,LC25000_TILE_0764,val,source_tile,lung,LC25000
,LC25000_TILE_0765,train,source_tile,lung,LC25000
,LC25000_TILE_0766,train,source_tile,lung,LC25000
,LC25000_TILE_0767,test,source_tile,lung,LC25000
,LC25000_TILE_0768,train,source_tile,lung,LC25000
,LC25000_TILE_0769,train,source_tile,lung,LC25000
,LC25000_TILE_0770,train,source_tile,lung,LC25000
,LC25000_TILE_0771,train,source_tile,lung,LC25000
,LC25000_TILE_0772,train,source_tile,lung,LC25000
,LC25000_TILE_0773,test,source_tile,lung,LC25000
,LC25000_TILE_0774,train,source_tile,lung,LC25000
,LC25000_TILE_0775,train,source_tile,lung,LC25000
,LC25000_TILE_0776,train,source_tile,lung,LC25000
,LC25000_TILE_0777,train,source_tile,lung,LC25000
,LC25000_TILE_0778,train,source_tile,lung,LC25000
,LC25000_TILE_0779,val,source_tile,lung,LC25000
,LC25000_TILE_0780,train,source_tile,lung,LC25000
,LC25000_TILE_0781,test,source_tile,lung,LC25000
,LC25000_TILE_0782,val,source_tile,lung,LC25000
,LC25000_TILE_0783,train,source_tile,lung,LC25000
,LC25000_TILE_0784,train,source_tile,lung,LC25000
,LC25000_TILE_0785,train,source_tile,lung,LC25000
,LC25000_TILE_0786,test,source_tile,lung,LC25000
,LC25000_TILE_0787,train,source_tile,lung,LC25000
,LC25000_TILE_0788,test,source_tile,lung,LC25000
,LC25000_TILE_0789,train,source_tile,lung,LC25000
,LC25000_TILE_0790,train,source_tile,lung,LC25000
,LC25000_TILE_0791,train,source_tile,lung,LC25000
,LC25000_TILE_0792,train,source_tile,lung,LC25000
,LC25000_TILE_0793,test,source_tile,lung,LC25000
,LC25000_TILE_0794,test,source_tile,lung,LC25000
,LC25000_TILE_0795,train,source_tile,lung,LC25000
,LC25000_TILE_0796,val,source_tile,lung,LC25000
,LC25000_TILE_0797,test,source_tile,lung,LC25000
,LC25000_TILE_0798,train,source_tile,lung,LC25000
,LC25000_TILE_0799,train,source_tile,lung,LC25000
,LC25000_TILE_0800,train,source_tile,lung,LC25000
,LC25000_TILE_0801,train,source_tile,lung,LC25000
,LC25000_TILE_0802,test,source_tile,lung,LC25000
,LC25000_TILE_0803,test,source_tile,lung,LC25000
,LC25000_TILE_0804,val,source_tile,lung,LC25000
,LC25000_TILE_0805,test,source_tile,lung,LC25000
,LC25000_TILE_0806,train,source_tile,lung,LC25000
,LC25000_TILE_0807,val,source_tile,lung,LC25000
,LC25000_TILE_0808,train,source_tile,lung,LC25000
,LC25000_TILE_0809,train,source_tile,lung,LC25000
,LC25000_TILE_0810,train,source_tile,lung,LC25000
,LC25000_TILE_0811,train,source_tile,lung,LC25000
,LC25000_TILE_0812,test,source_tile,lung,LC25000
,LC25000_TILE_0813,train,source_tile,lung,LC25000
,LC25000_TILE_0814,val,source_tile,lung,LC25000
,LC25000_TILE_0815,test,source_tile,lung,LC25000
,LC25000_TILE_0816,train,source_tile,lung,LC25000
,LC25000_TILE_0817,test,source_tile,lung,LC25000
,LC25000_TILE_0818,train,source_tile,lung,LC25000
,LC25000_TILE_0819,test,source_tile,lung,LC25000
,LC25000_TILE_0820,val,source_tile,lung,LC25000
,LC25000_TILE_0821,train,source_tile,lung,LC25000
,LC25000_TILE_0822,train,source_tile,lung,LC25000
,LC25000_TILE_0823,val,source_tile,lung,LC25000
,LC25000_TILE_0824,train,source_tile,lung,LC25000
,LC25000_TILE_0825,train,source_tile,lung,LC25000
,LC25000_TILE_0826,test,source_tile,lung,LC25000
,LC25000_TILE_0827,train,source_tile,lung,LC25000
,LC25000_TILE_0828,train,source_tile,lung,LC25000
,LC25000_TILE_0829,train,source_tile,lung,LC25000
,LC25000_TILE_0830,train,source_tile,lung,LC25000
,LC25000_TILE_0831,train,source_tile,lung,LC25000
,LC25000_TILE_0832,val,source_tile,lung,LC25000
,LC25000_TILE_0833,train,source_tile,lung,LC25000
,LC25000_TILE_0834,val,source_tile,lung,LC25000
,LC25000_TILE_0835,train,source_tile,lung,LC25000
,LC25000_TILE_0836,train,source_tile,lung,LC25000
,LC25000_TILE_0837,train,source_tile,lung,LC25000
,LC25000_TILE_0838,train,source_tile,lung,LC25000
,LC25000_TILE_0839,train,source_tile,lung,LC25000
,LC25000_TILE_0840,val,source_tile,lung,LC25000
,LC25000_TILE_0841,test,source_tile,lung,LC25000
,LC25000_TILE_0842,train,source_tile,lung,LC25000
,LC25000_TILE_0843,test,source_tile,lung,LC25000
,LC25000_TILE_0844,val,source_tile,lung,LC25000
,LC25000_TILE_0845,train,source_tile,lung,LC25000
,LC25000_TILE_0846,train,source_tile,lung,LC25000
,LC25000_TILE_0847,train,source_tile,lung,LC25000
,LC25000_TILE_0848,val,source_tile,lung,LC25000
,LC25000_TILE_0849,test,source_tile,lung,LC25000
,LC25000_TILE_0850,test,source_tile,lung,LC25000
,LC25000_TILE_0851,train,source_tile,lung,LC25000
,LC25000_TILE_0852,train,source_tile,lung,LC25000
,LC25000_TILE_0853,train,source_tile,lung,LC25000
,LC25000_TILE_0854,train,source_tile,lung,LC25000
,LC25000_TILE_0855,train,source_tile,lung,LC25000
,LC25000_TILE_0856,test,source_tile,lung,LC25000
,LC25000_TILE_0857,train,source_tile,lung,LC25000
,LC25000_TILE_0858,test,source_tile,lung,LC25000
,LC25000_TILE_0859,val,source_tile,lung,LC25000
,LC25000_TILE_0860,train,source_tile,lung,LC25000
,LC25000_TILE_0861,train,source_tile,lung,LC25000
,LC25000_TILE_0862,val,source_tile,lung,LC25000
,LC25000_TILE_0863,train,source_tile,lung,LC25000
,LC25000_TILE_0864,train,source_tile,lung,LC25000
,LC25000_TILE_0865,train,source_tile,lung,LC25000
,LC25000_TILE_0866,train,source_tile,lung,LC25000
,LC25000_TILE_0867,train,source_tile,lung,LC25000
,LC25000_TILE_0868,train,source_tile,lung,LC25000
,LC25000_TILE_0869,train,source_tile,lung,LC25000
,LC25000_TILE_0870,test,source_tile,lung,LC25000
,LC25000_TILE_0871,train,source_tile,lung,LC25000
,LC25000_TILE_0872,train,source_tile,lung,LC25000
,LC25000_TILE_0873,train,source_tile,lung,LC25000
,LC25000_TILE_0874,train,source_tile,lung,LC25000
,LC25000_TILE_0875,train,source_tile,lung,LC25000
,LC25000_TILE_0876,train,source_tile,lung,LC25000
,LC25000_TILE_0877,train,source_tile,lung,LC25000
,LC25000_TILE_0878,train,source_tile,lung,LC25000
,LC25000_TILE_0879,train,source_tile,lung,LC25000
,LC25000_TILE_0880,train,source_tile,lung,LC25000
,LC25000_TILE_0881,train,source_tile,lung,LC25000
,LC25000_TILE_0882,test,source_tile,lung,LC25000
,LC25000_TILE_0883,train,source_tile,lung,LC25000
,LC25000_TILE_0884,train,source_tile,lung,LC25000
,LC25000_TILE_0885,train,source_tile,lung,LC25000
,LC25000_TILE_0886,train,source_tile,lung,LC25000
,LC25000_TILE_0887,train,source_tile,lung,LC25000
,LC25000_TILE_0888,val,source_tile,lung,LC25000
,LC25000_TILE_0889,train,source_tile,lung,LC25000
,LC25000_TILE_0890,val,source_tile,lung,LC25000
,LC25000_TILE_0891,train,source_tile,lung,LC25000
,LC25000_TILE_0892,train,source_tile,lung,LC25000
,LC25000_TILE_0893,train,source_tile,lung,LC25000
,LC25000_TILE_0894,train,source_tile,lung,LC25000
,LC25000_TILE_0895,train,source_tile,lung,LC25000
,LC25000_TILE_0896,train,source_tile,lung,LC25000
,LC25000_TILE_0897,train,source_tile,lung,LC25000
,LC25000_TILE_0898,train,source_tile,lung,LC25000
,LC25000_TILE_0899,train,source_tile,lung,LC25000
,LC25000_TILE_0900,val,source_tile,lung,LC25000
,LC25000_TILE_0901,test,source_tile,lung,LC25000
,LC25000_TILE_0902,train,source_tile,lung,LC25000
,LC25000_TILE_0903,train,source_tile,lung,LC25000
,LC25000_TILE_0904,val,source_tile,lung,LC25000
,LC25000_TILE_0905,val,source_tile,lung,LC25000
,LC25000_TILE_0906,val,source_tile,lung,LC25000
,LC25000_TILE_0907,train,source_tile,lung,LC25000
,LC25000_TILE_0908,train,source_tile,lung,LC25000
,LC25000_TILE_0909,train,source_tile,lung,LC25000
,LC25000_TILE_0910,train,source_tile,lung,LC25000
,LC25000_TILE_0911,train,source_tile,lung,LC25000
,LC25000_TILE_0912,train,source_tile,lung,LC25000
,LC25000_TILE_0913,test,source_tile,lung,LC25000
,LC25000_TILE_0914,train,source_tile,lung,LC25000
,LC25000_TILE_0915,train,source_tile,lung,LC25000
,LC25000_TILE_0916,train,source_tile,lung,LC25000
,LC25000_TILE_0917,train,source_tile,lung,LC25000
,LC25000_TILE_0918,train,source_tile,lung,LC25000
,LC25000_TILE_0919,train,source_tile,lung,LC25000
,LC25000_TILE_0920,test,source_tile,lung,LC25000
,LC25000_TILE_0921,train,source_tile,lung,LC25000
,LC25000_TILE_0922,val,source_tile,lung,LC25000
,LC25000_TILE_0923,train,source_tile,lung,LC25000
,LC25000_TILE_0924,train,source_tile,lung,LC25000
,LC25000_TILE_0925,train,source_tile,lung,LC25000
,LC25000_TILE_0926,val,source_tile,lung,LC25000
,LC25000_TILE_0927,train,source_tile,lung,LC25000
,LC25000_TILE_0928,train,source_tile,lung,LC25000
,LC25000_TILE_0929,test,source_tile,lung,LC25000
,LC25000_TILE_0930,train,source_tile,lung,LC25000
,LC25000_TILE_0931,train,source_tile,lung,LC25000
,LC25000_TILE_0932,train,source_tile,lung,LC25000
,LC25000_TILE_0933,train,source_tile,lung,LC25000
,LC25000_TILE_0934,train,source_tile,lung,LC25000
,LC25000_TILE_0935,val,source_tile,lung,LC25000
,LC25000_TILE_0936,train,source_tile,lung,LC25000
,LC25000_TILE_0937,train,source_tile,lung,LC25000
,LC25000_TILE_0938,train,source_tile,lung,LC25000
,LC25000_TILE_0939,test,source_tile,lung,LC25000
,LC25000_TILE_0940,train,source_tile,lung,LC25000
,LC25000_TILE_0941,val,source_tile,lung,LC25000
,LC25000_TILE_0942,test,source_tile,lung,LC25000
,LC25000_TILE_0943,train,source_tile,lung,LC25000
,LC25000_TILE_0944,val,source_tile,lung,LC25000
,LC25000_TILE_0945,train,source_tile,lung,LC25000
,LC25000_TILE_0946,train,source_tile,lung,LC25000
,LC25000_TILE_0947,train,source_tile,lung,LC25000
,LC25000_TILE_0948,train,source_tile,lung,LC25000
,LC25000_TILE_0949,train,source_tile,lung,LC25000
,LC25000_TILE_0950,train,source_tile,lung,LC25000
,LC25000_TILE_0951,train,source_tile,lung,LC25000
,LC25000_TILE_0952,train,source_tile,lung,LC25000
,LC25000_TILE_0953,train,source_tile,lung,LC25000
,LC25000_TILE_0954,train,source_tile,lung,LC25000
,LC25000_TILE_0955,val,source_tile,lung,LC25000
,LC25000_TILE_0956,train,source_tile,lung,LC25000
,LC25000_TILE_0957,train,source_tile,lung,LC25000
,LC25000_TILE_0958,val,source_tile,lung,LC25000
,LC25000_TILE_0959,train,source_tile,lung,LC25000
,LC25000_TILE_0960,test,source_tile,lung,LC25000
,LC25000_TILE_0961,val,source_tile,lung,LC25000
,LC25000_TILE_0962,test,source_tile,lung,LC25000
,LC25000_TILE_0963,train,source_tile,lung,LC25000
,LC25000_TILE_0964,train,source_tile,lung,LC25000
,LC25000_TILE_0965,train,source_tile,lung,LC25000
,LC25000_TILE_0966,train,source_tile,lung,LC25000
,LC25000_TILE_0967,train,source_tile,lung,LC25000
,LC25000_TILE_0968,train,source_tile,lung,LC25000
,LC25000_TILE_0969,val,source_tile,lung,LC25000
,LC25000_TILE_0970,train,source_tile,lung,LC25000
,LC25000_TILE_0971,train,source_tile,lung,LC25000
,LC25000_TILE_0972,train,source_tile,lung,LC25000
,LC25000_TILE_0973,train,source_tile,lung,LC25000
,LC25000_TILE_0974,train,source_tile,lung,LC25000
,LC25000_TILE_0975,train,source_tile,lung,LC25000
,LC25000_TILE_0976,test,source_tile,lung,LC25000
,LC25000_TILE_0977,train,source_tile,lung,LC25000
,LC25000_TILE_0978,train,source_tile,lung,LC25000
,LC25000_TILE_0979,val,source_tile,lung,LC25000
,LC25000_TILE_0980,train,source_tile,lung,LC25000
,LC25000_TILE_0981,val,source_tile,lung,LC25000
,LC25000_TILE_0982,train,source_tile,lung,LC25000
,LC25000_TILE_0983,test,source_tile,lung,LC25000
,LC25000_TILE_0984,train,source_tile,lung,LC25000
,LC25000_TILE_0985,val,source_tile,lung,LC25000
,LC25000_TILE_0986,train,source_tile,lung,LC25000
,LC25000_TILE_0987,train,source_tile,lung,LC25000
,LC25000_TILE_0988,train,source_tile,lung,LC25000
,LC25000_TILE_0989,train,source_tile,lung,LC25000
,LC25000_TILE_0990,test,source_tile,lung,LC25000
,LC25000_TILE_0991,train,source_tile,lung,LC25000
,LC25000_TILE_0992,train,source_tile,lung,LC25000
,LC25000_TILE_0993,test,source_tile,lung,LC25000
,LC25000_TILE_0994,train,source_tile,lung,LC25000
,LC25000_TILE_0995,train,source_tile,lung,LC25000
,LC25000_TILE_0996,train,source_tile,lung,LC25000
,LC25000_TILE_0997,train,source_tile,lung,LC25000
,LC25000_TILE_0998,train,source_tile,lung,LC25000
,LC25000_TILE_0999,train,source_tile,lung,LC25000
,LC25000_TILE_1000,test,source_tile,lung,LC25000
,LC25000_TILE_1001,val,source_tile,lung,LC25000
,LC25000_TILE_1002,train,source_tile,lung,LC25000
,LC25000_TILE_1003,test,source_tile,lung,LC25000
,LC25000_TILE_1004,train,source_tile,lung,LC25000
,LC25000_TILE_1005,train,source_tile,lung,LC25000
,LC25000_TILE_1006,train,source_tile,lung,LC25000
,LC25000_TILE_1007,train,source_tile,lung,LC25000
,LC25000_TILE_1008,train,source_tile,lung,LC25000
,LC25000_TILE_1009,train,source_tile,lung,LC25000
,LC25000_TILE_1010,train,source_tile,lung,LC25000
,LC25000_TILE_1011,test,source_tile,lung,LC25000
,LC25000_TILE_1012,val,source_tile,lung,LC25000
,LC25000_TILE_1013,train,source_tile,lung,LC25000
,LC25000_TILE_1014,val,source_tile,lung,LC25000
,LC25000_TILE_1015,val,source_tile,lung,LC25000
,LC25000_TILE_1016,train,source_tile,lung,LC25000
,LC25000_TILE_1017,train,source_tile,lung,LC25000
,LC25000_TILE_1018,train,source_tile,lung,LC25000
,LC25000_TILE_1019,train,source_tile,lung,LC25000
,LC25000_TILE_1020,train,source_tile,lung,LC25000
,LC25000_TILE_1021,test,source_tile,lung,LC25000
,LC25000_TILE_1022,test,source_tile,lung,LC25000
,LC25000_TILE_1023,train,source_tile,lung,LC25000
,LC25000_TILE_1024,train,source_tile,lung,LC25000
,LC25000_TILE_1025,train,source_tile,lung,LC25000
,LC25000_TILE_1026,test,source_tile,lung,LC25000
,LC25000_TILE_1027,train,source_tile,lung,LC25000
,LC25000_TILE_1028,train,source_tile,lung,LC25000
,LC25000_TILE_1029,train,source_tile,lung,LC25000
,LC25000_TILE_1030,train,source_tile,lung,LC25000
,LC25000_TILE_1031,train,source_tile,lung,LC25000
,LC25000_TILE_1032,val,source_tile,lung,LC25000
,LC25000_TILE_1033,train,source_tile,lung,LC25000
,LC25000_TILE_1034,train,source_tile,lung,LC25000
,LC25000_TILE_1035,train,source_tile,lung,LC25000
,LC25000_TILE_1036,test,source_tile,lung,LC25000
,LC25000_TILE_1037,test,source_tile,lung,LC25000
,LC25000_TILE_1038,val,source_tile,lung,LC25000
,LC25000_TILE_1039,train,source_tile,lung,LC25000
,LC25000_TILE_1040,train,source_tile,lung,LC25000
,LC25000_TILE_1041,train,source_tile,lung,LC25000
,LC25000_TILE_1042,val,source_tile,lung,LC25000
,LC25000_TILE_1043,train,source_tile,lung,LC25000
,LC25000_TILE_1044,train,source_tile,lung,LC25000
,LC25000_TILE_1045,train,source_tile,lung,LC25000
,LC25000_TILE_1046,train,source_tile,lung,LC25000
,LC25000_TILE_1047,train,source_tile,lung,LC25000
,LC25000_TILE_1048,train,source_tile,lung,LC25000
,LC25000_TILE_1049,train,source_tile,lung,LC25000
,LC25000_TILE_1050,train,source_tile,lung,LC25000
,LC25000_TILE_1051,train,source_tile,lung,LC25000
,LC25000_TILE_1052,train,source_tile,lung,LC25000
,LC25000_TILE_1053,val,source_tile,lung,LC25000
,LC25000_TILE_1054,train,source_tile,lung,LC25000
,LC25000_TILE_1055,train,source_tile,lung,LC25000
,LC25000_TILE_1056,test,source_tile,lung,LC25000
,LC25000_TILE_1057,val,source_tile,lung,LC25000
,LC25000_TILE_1058,train,source_tile,lung,LC25000
,LC25000_TILE_1059,train,source_tile,lung,LC25000
,LC25000_TILE_1060,val,source_tile,lung,LC25000
,LC25000_TILE_1061,train,source_tile,lung,LC25000
,LC25000_TILE_1062,train,source_tile,lung,LC25000
,LC25000_TILE_1063,train,source_tile,lung,LC25000
,LC25000_TILE_1064,val,source_tile,lung,LC25000
,LC25000_TILE_1065,train,source_tile,lung,LC25000
,LC25000_TILE_1066,train,source_tile,lung,LC25000
,LC25000_TILE_1067,train,source_tile,lung,LC25000
,LC25000_TILE_1068,test,source_tile,lung,LC25000
,LC25000_TILE_1069,train,source_tile,lung,LC25000
,LC25000_TILE_1070,test,source_tile,lung,LC25000
,LC25000_TILE_1071,test,source_tile,lung,LC25000
,LC25000_TILE_1072,train,source_tile,lung,LC25000
,LC25000_TILE_1073,test,source_tile,lung,LC25000
,LC25000_TILE_1074,train,source_tile,lung,LC25000
,LC25000_TILE_1075,train,source_tile,lung,LC25000
,LC25000_TILE_1076,train,source_tile,lung,LC25000
,LC25000_TILE_1077,val,source_tile,lung,LC25000
,LC25000_TILE_1078,train,source_tile,lung,LC25000
,LC25000_TILE_1079,train,source_tile,lung,LC25000
,LC25000_TILE_1080,val,source_tile,lung,LC25000
,LC25000_TILE_1081,train,source_tile,lung,LC25000
,LC25000_TILE_1082,train,source_tile,lung,LC25000
,LC25000_TILE_1083,train,source_tile,lung,LC25000
,LC25000_TILE_1084,train,source_tile,lung,LC25000
,LC25000_TILE_1085,train,source_tile,lung,LC25000
,LC25000_TILE_1086,train,source_tile,lung,LC25000
,LC25000_TILE_1087,train,source_tile,lung,LC25000
,LC25000_TILE_1088,train,source_tile,lung,LC25000
,LC25000_TILE_1089,train,source_tile,lung,LC25000
,LC25000_TILE_1090,val,source_tile,lung,LC25000
,LC25000_TILE_1091,test,source_tile,lung,LC25000
,LC25000_TILE_1092,test,source_tile,lung,LC25000
,LC25000_TILE_1093,train,source_tile,lung,LC25000
,LC25000_TILE_1094,test,source_tile,lung,LC25000
,LC25000_TILE_1095,test,source_tile,lung,LC25000
,LC25000_TILE_1096,train,source_tile,lung,LC25000
,LC25000_TILE_1097,train,source_tile,lung,LC25000
,LC25000_TILE_1098,train,source_tile,lung,LC25000
,LC25000_TILE_1099,train,source_tile,lung,LC25000
,LC25000_TILE_1100,test,source_tile,lung,LC25000
,LC25000_TILE_1101,test,source_tile,lung,LC25000
,LC25000_TILE_1102,train,source_tile,lung,LC25000
,LC25000_TILE_1103,test,source_tile,lung,LC25000
,LC25000_TILE_1104,train,source_tile,lung,LC25000
,LC25000_TILE_1105,train,source_tile,lung,LC25000
,LC25000_TILE_1106,val,source_tile,lung,LC25000
,LC25000_TILE_1107,val,source_tile,lung,LC25000
,LC25000_TILE_1108,val,source_tile,lung,LC25000
,LC25000_TILE_1109,train,source_tile,lung,LC25000
,LC25000_TILE_1110,train,source_tile,lung,LC25000
,LC25000_TILE_1111,test,source_tile,lung,LC25000
,LC25000_TILE_1112,train,source_tile,lung,LC25000
,LC25000_TILE_1113,train,source_tile,lung,LC25000
,LC25000_TILE_1114,train,source_tile,lung,LC25000
,LC25000_TILE_1115,train,source_tile,lung,LC25000
,LC25000_TILE_1116,train,source_tile,lung,LC25000
,LC25000_TILE_1117,train,source_tile,lung,LC25000
,LC25000_TILE_1118,train,source_tile,lung,LC25000
,LC25000_TILE_1119,val,source_tile,lung,LC25000
,LC25000_TILE_1120,train,source_tile,lung,LC25000
,LC25000_TILE_1121,train,source_tile,lung,LC25000
,LC25000_TILE_1122,train,source_tile,lung,LC25000
,LC25000_TILE_1123,train,source_tile,lung,LC25000
,LC25000_TILE_1124,train,source_tile,lung,LC25000
,LC25000_TILE_1125,val,source_tile,lung,LC25000
,LC25000_TILE_1126,train,source_tile,lung,LC25000
,LC25000_TILE_1127,train,source_tile,lung,LC25000
,LC25000_TILE_1128,train,source_tile,lung,LC25000
,LC25000_TILE_1129,train,source_tile,lung,LC25000
,LC25000_TILE_1130,train,source_tile,lung,LC25000
,LC25000_TILE_1131,test,source_tile,lung,LC25000
,LC25000_TILE_1132,train,source_tile,lung,LC25000
,LC25000_TILE_1133,train,source_tile,lung,LC25000
,LC25000_TILE_1134,train,source_tile,lung,LC25000
,LC25000_TILE_1135,test,source_tile,lung,LC25000
,LC25000_TILE_1136,train,source_tile,lung,LC25000
,LC25000_TILE_1137,test,source_tile,lung,LC25000
,LC25000_TILE_1138,train,source_tile,lung,LC25000
,LC25000_TILE_1139,test,source_tile,lung,LC25000
,LC25000_TILE_1140,train,source_tile,lung,LC25000
,LC25000_TILE_1141,train,source_tile,lung,LC25000
,LC25000_TILE_1142,train,source_tile,lung,LC25000
,LC25000_TILE_1143,val,source_tile,lung,LC25000
,LC25000_TILE_1144,train,source_tile,lung,LC25000
,LC25000_TILE_1145,train,source_tile,lung,LC25000
,LC25000_TILE_1146,train,source_tile,lung,LC25000
,LC25000_TILE_1147,train,source_tile,lung,LC25000
,LC25000_TILE_1148,test,source_tile,lung,LC25000
,LC25000_TILE_1149,train,source_tile,lung,LC25000
,LC25000_TILE_1150,train,source_tile,lung,LC25000
,LC25000_TILE_1151,train,source_tile,lung,LC25000
,LC25000_TILE_1152,train,source_tile,lung,LC25000
,LC25000_TILE_1153,train,source_tile,lung,LC25000
,LC25000_TILE_1154,val,source_tile,lung,LC25000
,LC25000_TILE_1155,val,source_tile,lung,LC25000
,LC25000_TILE_1156,train,source_tile,lung,LC25000
,LC25000_TILE_1157,val,source_tile,lung,LC25000
,LC25000_TILE_1158,train,source_tile,lung,LC25000
,LC25000_TILE_1159,train,source_tile,lung,LC25000
,LC25000_TILE_1160,val,source_tile,lung,LC25000
,LC25000_TILE_1161,train,source_tile,lung,LC25000
,LC25000_TILE_1162,test,source_tile,lung,LC25000
,LC25000_TILE_1163,train,source_tile,lung,LC25000
,LC25000_TILE_1164,train,source_tile,lung,LC25000
,LC25000_TILE_1165,train,source_tile,lung,LC25000
,LC25000_TILE_1166,train,source_tile,lung,LC25000
,LC25000_TILE_1167,train,source_tile,lung,LC25000
,LC25000_TILE_1168,train,source_tile,lung,LC25000
,LC25000_TILE_1169,train,source_tile,lung,LC25000
,LC25000_TILE_1170,train,source_tile,lung,LC25000
,LC25000_TILE_1171,train,source_tile,lung,LC25000
,LC25000_TILE_1172,train,source_tile,lung,LC25000
,LC25000_TILE_1173,train,source_tile,lung,LC25000
,LC25000_TILE_1174,train,source_tile,lung,LC25000
,LC25000_TILE_1175,train,source_tile,lung,LC25000
,LC25000_TILE_1176,train,source_tile,lung,LC25000
,LC25000_TILE_1177,train,source_tile,lung,LC25000
,LC25000_TILE_1178,test,source_tile,lung,LC25000
,LC25000_TILE_1179,train,source_tile,lung,LC25000
,LC25000_TILE_1180,val,source_tile,lung,LC25000
,LC25000_TILE_1181,test,source_tile,lung,LC25000
,LC25000_TILE_1182,train,source_tile,lung,LC25000
,LC25000_TILE_1183,train,source_tile,lung,LC25000
,LC25000_TILE_1184,train,source_tile,lung,LC25000
,LC25000_TILE_1185,train,source_tile,lung,LC25000
,LC25000_TILE_1186,test,source_tile,lung,LC25000
,LC25000_TILE_1187,train,source_tile,lung,LC25000
,LC25000_TILE_1188,val,source_tile,lung,LC25000
,LC25000_TILE_1189,train,source_tile,lung,LC25000
,LC25000_TILE_1190,train,source_tile,lung,LC25000
,LC25000_TILE_1191,val,source_tile,lung,LC25000
,LC25000_TILE_1192,val,source_tile,lung,LC25000
,LC25000_TILE_1193,train,source_tile,lung,LC25000
,LC25000_TILE_1194,train,source_tile,lung,LC25000
,LC25000_TILE_1195,test,source_tile,lung,LC25000
,LC25000_TILE_1196,val,source_tile,lung,LC25000
,LC25000_TILE_1197,train,source_tile,lung,LC25000
,LC25000_TILE_1198,train,source_tile,lung,LC25000
,LC25000_TILE_1199,train,source_tile,lung,LC25000
,LC25000_TILE_1200,val,source_tile,lung,LC25000
,LC25000_TILE_1201,train,source_tile,lung,LC25000
,LC25000_TILE_1202,val,source_tile,lung,LC25000
,LC25000_TILE_1203,train,source_tile,lung,LC25000
,LC25000_TILE_1204,train,source_tile,lung,LC25000
,LC25000_TILE_1205,val,source_tile,lung,LC25000
,LC25000_TILE_1206,train,source_tile,lung,LC25000
,LC25000_TILE_1207,train,source_tile,lung,LC25000
,LC25000_TILE_1208,train,source_tile,lung,LC25000
,LC25000_TILE_1209,val,source_tile,lung,LC25000
,LC25000_TILE_1210,val,source_tile,lung,LC25000
,LC25000_TILE_1211,train,source_tile,lung,LC25000
,LC25000_TILE_1212,train,source_tile,lung,LC25000
,LC25000_TILE_1213,train,source_tile,lung,LC25000
,LC25000_TILE_1214,train,source_tile,lung,LC25000
,LC25000_TILE_1215,test,source_tile,lung,LC25000
,LC25000_TILE_1216,train,source_tile,lung,LC25000
,LC25000_TILE_1217,test,source_tile,lung,LC25000
,LC25000_TILE_1218,train,source_tile,lung,LC25000
,LC25000_TILE_1219,test,source_tile,lung,LC25000
,LC25000_TILE_1220,train,source_tile,lung,LC25000
,LC25000_TILE_1221,train,source_tile,lung,LC25000
,LC25000_TILE_1222,train,source_tile,lung,LC25000
,LC25000_TILE_1223,train,source_tile,lung,LC25000
,LC25000_TILE_1224,test,source_tile,lung,LC25000
,LC25000_TILE_1225,train,source_tile,lung,LC25000
,LC25000_TILE_1226,train,source_tile,lung,LC25000
,LC25000_TILE_1227,train,source_tile,lung,LC25000
,LC25000_TILE_1228,train,source_tile,lung,LC25000
,LC25000_TILE_1229,val,source_tile,lung,LC25000
,LC25000_TILE_1230,train,source_tile,lung,LC25000
,LC25000_TILE_1231,train,source_tile,lung,LC25000
,LC25000_TILE_1232,train,source_tile,lung,LC25000
,LC25000_TILE_1233,train,source_tile,lung,LC25000
,LC25000_TILE_1234,train,source_tile,lung,LC25000
,LC25000_TILE_1235,train,source_tile,lung,LC25000
,LC25000_TILE_1236,train,source_tile,lung,LC25000
,LC25000_TILE_1237,val,source_tile,lung,LC25000
,LC25000_TILE_1238,val,source_tile,lung,LC25000
,LC25000_TILE_1239,train,source_tile,lung,LC25000
,LC25000_TILE_1240,train,source_tile,lung,LC25000
,LC25000_TILE_1241,train,source_tile,lung,LC25000
,LC25000_TILE_1242,train,source_tile,lung,LC25000
,LC25000_TILE_1243,test,source_tile,lung,LC25000
,LC25000_TILE_1244,train,source_tile,lung,LC25000
,LC25000_TILE_1245,test,source_tile,lung,LC25000
,NCT-CRC-HE-100K_COHORT,train,official_cohort,colon,NCT-CRC-HE-100K
